Recording,Female_Vocal_Signal
Chayce Audio (1) 1.mp3,11
Chayce Audio (2) 1.mp3,10
Chayce Audio (3) 1.mp3,7
Chayce Audio (5) 1.mp3,10
Chayce Audio (4) 1.mp3,5
Shayne Audio (1) 1.mp3,13
Shayne Audio (2) 1.mp3,16
Shayne Audio (3) 1.mp3,7
Shayne Audio (4) 1.mp3,11
Shayne Audio (5) 1.mp3,11
Jess D Audio (1) 1.mp3,9
Jess D Audio (2) 1.mp3,6
Jess D Audio (3) 1.mp3,6
Jess D Audio (4) 1.mp3,4
Jess D Audio (5) 1.mp3,1
Jess O Audio (1) 1.mp3,8
Jess O Audio (2) 1.mp3,12
Jess O Audio (3) 1.mp3,6
Jess O Audio (4) 1.mp3,4
Jess O Audio (5) 1.mp3,7
